x,y,z
78.751047,-11.691211,-0.064
83.2502,-11.690832,0.039
87.750526,-11.691243,-0.461
76.500497,-15.58817,-0.004
81.000632,-15.587599,-0.067
85.500957,-15.58801,-0.273
90.000302,-15.588612,-0.38
74.250929,-19.484937,-0.017
78.750273,-19.485539,-0.042
83.250408,-19.484968,-0.122
87.750733,-19.485379,-0.122
92.250868,-19.484808,-0.114
76.500705,-23.382306,0.266
81.001031,-23.382717,0.135
85.500184,-23.382338,0.189
90.000509,-23.382749,-0.109
78.750481,-27.279676,0.412
83.250615,-27.279105,0.246
87.750941,-27.279516,-0.266
76.500122,-31.177616,0.582
81.000257,-31.177045,0.239
85.500583,-31.177456,0.148
74.250554,-35.074383,0.533
78.749707,-35.074004,0.323
83.250033,-35.074414,0.252
87.750167,-35.073844,-0.389
72.000004,-38.971341,0.579
76.50033,-38.971752,0.402
81.000464,-38.971181,0.251
85.50079,-38.971592,0.082
89.999943,-38.971213,-0.536
74.250762,-42.868519,0.631
78.749914,-42.86814,0.224
83.25024,-42.868551,0.311
87.750375,-42.86798,-0.307
76.500538,-46.765889,0.615
81.000672,-46.765318,0.242
85.500016,-46.76592,-0.1
74.249988,-50.662847,0.725
78.750122,-50.662277,0.435
83.250448,-50.662687,0.185
72.000419,-54.559614,1.041
76.500745,-54.560025,0.749
80.999898,-54.559646,0.482
85.500224,-54.560057,0.82
69.749869,-58.456573,1.003
74.250195,-58.456984,1.012
78.75033,-58.456413,0.978
83.250655,-58.456824,0.651
87.75,-58.457426,0.143
72.000627,-62.353751,1.508
76.499971,-62.354353,1.178
81.000106,-62.353782,1.119
85.500431,-62.354193,0.184
74.250403,-66.25112,1.122
78.750537,-66.25055,1.059
83.249882,-66.251152,0.346
65.250412,19.485777,1.459
69.750546,19.486348,1.431
74.250872,19.485937,1.211
63.000844,15.58901,1.353
67.501169,15.588599,1.277
72.000322,15.588979,1.236
76.500648,15.588568,1.057
60.750294,11.692052,1.38
65.25062,11.691641,1.388
69.750754,11.692212,1.222
74.25108,11.691801,0.837
78.750424,11.691199,0.68
63.001051,7.794874,1.247
67.500396,7.794271,0.997
72.00053,7.794842,0.717
76.500856,7.794431,0.686
65.250827,3.897504,0.968
69.751153,3.897093,0.826
74.250306,3.897473,0.658
63.000469,-0.000436,0.895
67.500603,0.000135,0.82
71.999948,-0.000467,0.478
60.749919,-3.897394,0.817
65.250053,-3.896824,0.562
69.750379,-3.897235,0.461
74.250705,-3.897645,0.343
58.500351,-7.794162,1.303
63.000676,-7.794572,0.534
67.499829,-7.794193,0.33
72.000155,-7.794604,0.269
76.50029,-7.794033,0.292
60.750127,-11.691531,0.803
65.250452,-11.691942,0.618
69.750587,-11.691371,0.09
74.249931,-11.691973,0.141
62.999903,-15.5889,0.746
67.500037,-15.58833,0.148
72.000363,-15.58874,0.192
60.750334,-19.485667,0.633
65.25066,-19.486078,0.406
69.749813,-19.485699,0.106
58.499784,-23.382626,0.529
63.00011,-23.383037,0.288
67.500245,-23.382466,0.307
72.00057,-23.382877,0.26
56.250407,-27.280375,0.484
60.750542,-27.279804,0.669
65.249886,-27.280406,0.5
69.75002,-27.279835,0.33
74.250346,-27.280246,0.318
58.499992,-31.176763,0.734
63.000318,-31.177173,0.552
67.500452,-31.176603,0.575
71.999796,-31.177205,0.514
60.749768,-35.074132,0.685
65.250094,-35.074543,0.629
69.750228,-35.073972,0.598
58.500199,-38.970899,0.697
63.000525,-38.97131,0.741
67.499678,-38.970931,0.766
56.249841,-42.868839,0.957
60.749975,-42.868268,1.298
65.250301,-42.868679,1.12
69.750436,-42.868109,0.19
54.000273,-46.765606,1.315
58.500407,-46.765036,1.166
62.999751,-46.765638,0.899
67.499886,-46.765067,0.597
72.000212,-46.765478,0.567
56.250049,-50.662976,0.962
60.750183,-50.662405,0.846
65.250509,-50.662816,0.577
69.750643,-50.662245,0.762
58.500615,-54.559172,0.734
62.999959,-54.559774,0.757
67.500285,-54.560185,1.033
56.250256,-58.457112,0.937
60.750391,-58.456541,1.282
65.250716,-58.456952,1.341
54.000688,-62.353879,1.344
58.499841,-62.3535,1.4
63.000167,-62.353911,1.498
67.500492,-62.354322,0.943
51.750138,-66.250838,1.44
56.250464,-66.251249,1.51
60.750598,-66.250678,1.591
65.249943,-66.25128,1.293
69.750077,-66.250709,1.629
53.999914,-70.148207,1.745
58.50024,-70.148618,1.914
63.000374,-70.148047,1.854
67.5007,-70.148458,1.454
56.250671,-74.045385,1.827
60.749824,-74.045006,1.859
65.25015,-74.045417,1.123
54.000122,-77.942344,1.931
58.500447,-77.942755,1.762
63.000582,-77.942184,1.624
51.750553,-81.839111,1.875
56.249897,-81.839713,1.63
60.750032,-81.839142,1.482
65.250358,-81.839553,0.819
49.500195,-85.737051,1.707
54.000329,-85.73648,1.957
58.500655,-85.736891,1.453
62.999808,-85.736512,0.874
67.500134,-85.736923,0.479
51.749779,-89.633439,1.622
56.250105,-89.63385,1.363
60.75024,-89.633279,0.664
65.250565,-89.63369,0.1
54.000537,-93.530617,1.225
58.499881,-93.531219,0.536
63.000015,-93.530648,-0.185
49.500624,31.177726,0.775
54.00095,31.177315,0.808
58.501084,31.177885,1.034
47.251247,27.279977,0.834
51.7504,27.280356,0.798
56.250726,27.279945,1.32
60.75086,27.280516,0.969
45.000697,23.383018,1.339
49.500831,23.383589,0.84
54.001157,23.383178,1.219
58.500502,23.382576,1.035
63.000636,23.383147,1.476
47.250473,19.485649,1.032
51.750607,19.48622,1.284
56.250933,19.485809,1.538
60.751068,19.48638,1.303
49.501039,15.589453,1.283
54.000383,15.58885,1.574
58.500709,15.58844,1.217
47.250681,11.691512,1.753
51.750025,11.69091,1.481
56.250159,11.691481,1.284
45.000131,7.794554,1.851
49.500457,7.794143,1.66
54.000782,7.793732,2.041
58.499935,7.794111,1.351
42.750754,3.896805,1.923
47.249907,3.897184,1.911
51.750233,3.896774,1.979
56.250367,3.897344,1.658
60.750693,3.896934,1.153
45.00053,-0.000564,2.154
49.500664,0.000006,2.178
54.000009,-0.000596,1.639
58.500143,-0.000025,1.481
47.250114,-3.896952,2.076
51.75044,-3.897363,1.641
56.250575,-3.896792,1.063
33.751027,42.868692,0.715
38.251162,42.869263,0.742
42.750506,42.868661,0.711
31.500477,38.971734,0.834
36.000803,38.971323,0.721
40.500937,38.971894,0.675
45.001263,38.971483,0.785
29.250909,35.074967,0.741
33.751235,35.074556,0.638
38.250579,35.073954,0.682
42.750713,35.074524,0.834
47.251039,35.074113,0.519
31.500685,31.177597,0.8
36.001011,31.177186,0.819
40.501145,31.177757,1.023
45.000489,31.177155,0.614
33.750461,27.280228,0.846
38.250787,27.279817,0.62
42.750921,27.280388,0.85
15.751296,35.074427,0.555
20.250448,35.074807,0.884
24.750774,35.074396,0.582
13.500746,31.177469,0.819
18.001072,31.177058,0.884
22.501206,31.177629,1.121
27.00055,31.177026,0.813
11.251177,27.280702,0.964
15.750522,27.280099,0.745
20.250656,27.28067,1.086
24.750982,27.280259,0.894
29.251116,27.28083,0.758
13.500953,23.383332,1.008
18.001279,23.382921,1.01
22.500432,23.383301,0.769
27.000758,23.38289,0.906
15.750729,19.485963,0.62
20.250864,19.486534,0.658
24.75119,19.486123,0.821
0.000526,46.766184,-0.476
4.500852,46.765773,-0.436
9.000986,46.766344,-0.238
-2.248851,42.868435,-0.481
2.251283,42.869006,-0.352
6.750628,42.868404,-0.175
11.250762,42.868975,-0.147
-4.499401,38.971477,-0.42
0.000733,38.972048,-0.259
4.501059,38.971637,-0.075
9.001194,38.972208,-0.101
13.500538,38.971605,-0.008
-2.248643,35.074299,0.008
2.250509,35.074678,-0.016
6.750835,35.074267,0.018
11.25097,35.074838,0.089
0.000941,31.177911,0.016
4.501267,31.1775,0.101
9.00042,31.17788,0.225
-35.998937,31.177654,-0.048
-31.498611,31.177244,-0.354
-26.998477,31.177814,-0.298
-38.248505,27.280887,-0.054
-33.748179,27.280476,-0.208
-29.249027,27.280856,-0.178
-24.748701,27.280445,-0.331
-40.498864,23.382947,0.07
-35.998729,23.383518,-0.161
-31.498404,23.383107,-0.132
-26.998269,23.383678,-0.158
-22.498925,23.383075,-0.063
-38.248298,19.486751,-0.12
-33.748953,19.486148,0.628
-29.248628,19.485738,-0.16
-24.748493,19.486308,0.044
-35.998522,15.589381,-0.009
-31.498196,15.58897,-0.118
-26.999043,15.58935,-0.026
-47.249588,50.663137,-1.49
-42.750436,50.663516,-1.494
-38.25011,50.663105,-1.646
-49.500138,46.766178,-1.377
-44.999812,46.765767,-1.301
-40.499678,46.766338,-1.344
-36.000334,46.765736,-1.296
-51.749707,42.869411,-1.032
-47.250362,42.868809,-1.141
-42.750228,42.86938,-1.123
-38.249902,42.868969,-1.207
-33.749768,42.869539,-0.588
-49.499931,38.972042,-1.151
-44.999605,38.971631,-0.891
-40.500452,38.97201,-0.136
-36.000126,38.971599,-0.14
-47.250155,35.074672,-0.427
-42.75002,35.075243,-0.161
-38.249694,35.074832,-0.05
-65.249511,42.869853,-1.261
-60.750358,42.870233,-1.539
-56.250033,42.869822,-1.687
-67.500061,38.972895,-0.964
-62.999735,38.972484,-1.159
-58.499601,38.973055,-1.081
-54.000257,38.972452,-0.866
-69.74963,35.076128,-0.51
-65.250285,35.075525,-0.285
-60.750151,35.076096,-0.438
-56.249825,35.075685,-0.691
-51.749691,35.076256,-0.541
-67.499854,31.178758,-0.151
-62.999528,31.178347,0.056
-58.500375,31.178727,-0.118
-54.000049,31.178316,-0.271
-65.250078,27.281389,0.157
-60.749943,27.28196,0.378
-56.249617,27.281549,0.272
-83.249434,35.07657,-0.092
-78.750281,35.076949,-0.273
-74.249955,35.076538,-0.42
-85.499984,31.179611,-0.148
-80.999658,31.179201,0.103
-76.499524,31.179771,-0.148
-72.000179,31.179169,-0.145
-87.749552,27.282844,0.435
-83.250208,27.282242,0.511
-78.750074,27.282813,0.283
-74.249748,27.282402,0.291
-69.749613,27.282973,0.28
-85.499776,23.385475,0.583
-80.999451,23.385064,0.687
-76.500298,23.385443,0.852
-71.999972,23.385033,0.737
-83.25,19.488105,0.722
-78.749866,19.488676,0.527
-74.24954,19.488265,0.445
-94.857606,-83.258812,4.694
-90.358453,-83.258432,4.69
-85.858127,-83.258843,3.853
-97.108156,-87.15577,5.129
-92.60783,-87.156181,4.787
-88.107696,-87.15561,4.877
-83.608351,-87.156213,3.987
-99.357724,-91.052537,4.815
-94.85838,-91.05314,4.95
-90.358246,-91.052569,4.937
-85.85792,-91.05298,4.895
-81.357785,-91.052409,4.14
-97.107948,-94.949907,4.925
-92.607622,-94.950318,5.306
-88.10847,-94.949938,4.607
-83.608144,-94.950349,4.493
-94.858172,-98.847276,4.96
-90.358038,-98.846705,5.312
-85.857712,-98.847116,4.278
-110.608376,-71.567055,4.016
-106.10805,-71.567466,3.67
-101.607915,-71.566895,3.647
-112.857753,-75.464804,4.949
-108.3586,-75.464424,5.135
-103.858274,-75.464835,4.866
-99.358139,-75.464264,4.447
-115.108303,-79.361762,5.089
-110.608168,-79.361191,5.595
-106.107842,-79.361602,5.471
-101.608689,-79.361223,5.195
-97.108363,-79.361634,4.714
-112.858527,-83.259132,4.981
-108.358392,-83.258561,5.128
-103.858066,-83.258972,5.456
-99.357932,-83.258401,5.154
-110.607961,-87.155328,4.716
-106.107635,-87.155739,4.658
-101.608482,-87.155359,4.665
-112.857529,-91.052095,4.533
-108.357203,-91.052506,4.691
-103.85805,-91.052127,4.608
-115.108079,-94.949054,4.739
-110.607753,-94.949464,4.63
-106.107619,-94.948894,4.841
-101.607293,-94.949305,4.788
-117.357456,-98.846802,5.364
-112.857321,-98.846232,5.014
-108.357977,-98.846834,5.125
-103.857843,-98.846263,5.076
-99.357517,-98.846674,4.904
-115.107871,-102.74319,5.874
-110.607545,-102.743601,5.323
-106.107219,-102.744012,5.331
-101.608067,-102.743632,5.234
-112.858095,-106.64056,6.031
-108.357769,-106.64097,5.345
-103.857635,-106.6404,5.511
-126.359145,-59.875298,3.057
-121.85882,-59.875709,2.628
-117.358685,-59.875138,2.216
-128.608522,-63.773047,3.291
-124.109369,-63.772668,3.303
-119.609044,-63.773078,2.809
-115.108909,-63.772508,2.685
-130.859072,-67.670005,3.352
-126.358938,-67.669435,3.612
-121.858612,-67.669845,4.195
-117.359459,-67.669466,3.766
-112.859133,-67.669877,3.316
-128.609296,-71.567375,3.694
-124.109162,-71.566804,4.088
-119.608836,-71.567215,4.284
-115.108702,-71.566644,4.151
-126.35873,-75.463571,4.059
-121.858404,-75.463982,4.394
-117.359251,-75.463603,4.727
-128.608107,-79.36132,4.118
-124.107781,-79.361731,4.345
-119.608628,-79.361351,4.595
-130.858657,-83.258278,4.681
-126.358331,-83.258689,4.728
-121.858197,-83.258118,4.565
-117.357871,-83.258529,4.857
-133.108034,-87.156027,4.902
-128.6079,-87.155456,4.911
-124.108555,-87.156059,4.724
-119.608421,-87.155488,4.665
-115.108095,-87.155899,4.661
-130.858449,-91.052415,5.071
-126.358124,-91.052826,4.912
-121.857798,-91.053236,5.067
-117.358645,-91.052857,4.768
-128.608673,-94.949784,5.468
-124.108348,-94.950195,5.315
-119.608213,-94.949624,5.012
-130.85726,-98.84636,5.969
-126.356934,-98.846771,5.938
-121.857782,-98.846392,5.473
-133.10781,-102.743319,6.343
-128.607484,-102.743729,6.279
-124.10735,-102.743159,5.946
-119.607024,-102.743569,5.745
-135.357187,-106.641067,7.05
-130.857053,-106.640496,6.633
-126.357708,-106.641099,6.14
-121.857574,-106.640528,5.751
-117.357248,-106.640939,6.016
-133.107603,-110.537455,7.634
-128.607277,-110.537866,6.952
-124.106951,-110.538277,6.374
-119.607798,-110.537897,6.072
-130.857827,-114.434824,7.515
-126.357501,-114.435235,6.885
-121.857366,-114.434665,6.402
-142.109915,-48.183541,1.436
-137.609589,-48.183952,1.172
-133.109455,-48.183381,1.267
-144.359292,-52.08129,2.141
-139.860139,-52.080911,1.85
-135.359813,-52.081322,1.804
-130.859679,-52.080751,1.768
-146.609842,-55.978249,1.754
-142.109707,-55.977678,2.168
-137.609382,-55.978089,2.664
-133.110229,-55.977709,2.445
-128.609903,-55.97812,2.33
-144.360066,-59.875618,2.309
-139.859932,-59.875047,2.468
-135.359606,-59.875458,3.016
-130.859471,-59.874887,2.98
-142.1095,-63.771814,2.689
-137.609174,-63.772225,2.909
-133.110021,-63.771846,3.216
-144.358877,-67.669563,2.839
-139.858551,-67.669974,3.168
-135.359398,-67.669595,3.079
-146.609427,-71.566522,3.543
-142.109101,-71.566932,3.363
-137.608966,-71.566362,3.609
-133.108641,-71.566773,3.382
-148.858804,-75.46427,3.735
-144.358669,-75.4637,3.645
-139.859325,-75.464302,3.716
-135.35919,-75.463731,3.665
-130.858865,-75.464142,4.046
-146.609219,-79.360658,3.974
-142.108893,-79.361069,4.15
-137.608567,-79.36148,4.046
-133.109414,-79.3611,4.208
-144.359443,-83.258028,4.107
-139.859117,-83.258438,4.336
-135.358983,-83.257868,4.433
-146.607839,-87.155585,4.682
-142.107513,-87.155996,4.69
-137.60836,-87.155616,4.805
-148.858388,-91.052543,5.227
-144.358063,-91.052954,5.092
-139.857928,-91.052383,5.036
-135.357602,-91.052794,5.102
-151.107765,-94.950292,6.059
-146.607631,-94.949721,5.847
-142.108287,-94.950323,5.817
-137.608152,-94.949753,5.808
-133.107826,-94.950164,5.615
-148.858181,-98.84668,6.358
-144.357855,-98.847091,6.174
-139.857529,-98.847501,6.149
-135.358376,-98.847122,6.179
-146.608405,-102.744049,6.878
-142.108079,-102.74446,6.726
-137.607945,-102.743889,6.637
-160.109647,-55.977806,1.69
-155.609321,-55.978217,1.73
-151.110168,-55.977838,1.819
-162.360196,-59.874765,1.943
-157.859871,-59.875176,1.806
-153.359736,-59.874605,2.012
-148.85941,-59.875016,2.079
-164.609573,-63.772514,2.063
-160.109439,-63.771943,2.172
-155.610095,-63.772545,2.355
-151.10996,-63.771974,2.634
-146.609634,-63.772385,2.718
-162.359989,-67.668901,2.331
-157.859663,-67.669312,2.637
-153.359337,-67.669723,3.107
-148.860184,-67.669344,3.049
-160.110213,-71.566271,3.027
-155.609887,-71.566682,3.2
-151.109753,-71.566111,2.968
-162.358608,-75.463828,3.272
-157.858282,-75.464239,3.232
-153.359129,-75.46386,3.571
-164.609158,-79.360787,3.589
-160.108832,-79.361197,3.683
-155.608698,-79.360627,3.89
-151.108372,-79.361037,4.21
-166.858535,-83.258535,3.73
-162.358401,-83.257964,3.884
-157.859056,-83.258567,4.283
-153.358922,-83.257996,4.395
-148.858596,-83.258407,4.504
-164.608951,-87.154923,4.416
-160.108625,-87.155334,4.461
-155.608299,-87.155745,4.507
-151.109146,-87.155365,4.889
-162.359175,-91.052292,5.215
-157.858849,-91.052703,5.099
-153.358714,-91.052133,5.216
-97.107741,-102.744043,4.995
-92.607415,-102.744454,5.22
-88.108262,-102.744075,5.12
-99.358291,-106.641002,5.329
-94.857965,-106.641413,4.976
-90.35783,-106.640842,5.075
-85.857504,-106.641253,4.749
-101.607668,-110.538751,5.327
-97.107533,-110.53818,4.931
-92.608189,-110.538782,4.714
-88.108054,-110.538211,4.76
-83.607728,-110.538622,4.12
-99.358083,-114.435138,4.895
-94.857757,-114.435549,4.624
-90.357431,-114.43596,4.373
-85.858278,-114.435581,4.322
-97.108307,-118.332508,4.549
-92.607981,-118.332919,4.223
-88.107847,-118.332348,3.804
40.500468,-46.765164,1.19
44.999812,-46.765766,1.322
49.499947,-46.765195,1.521
38.249918,-50.662123,1.317
42.750244,-50.662533,1.469
47.25057,-50.662944,1.764
51.749723,-50.662565,1.724
36.000541,-54.559871,1.841
40.499694,-54.559492,1.564
45.00002,-54.559903,1.746
49.500154,-54.559332,1.469
54.00048,-54.559743,1.102
38.250317,-58.457241,1.773
42.750452,-58.45667,1.851
47.249796,-58.457272,1.851
51.74993,-58.456701,1.495
40.499902,-62.353628,1.339
45.000228,-62.354039,1.45
49.500362,-62.353469,1.474
-26.999361,-38.97097,1.694
-22.500017,-38.971573,1.625
-17.999883,-38.971002,1.898
-29.249911,-42.867929,2.011
-24.749585,-42.86834,1.671
-20.249451,-42.867769,1.996
-15.750107,-42.868371,2
-31.49948,-46.764696,2.539
-27.000135,-46.765298,1.903
-22.499809,-46.765709,1.759
-17.999675,-46.765138,1.656
-13.499349,-46.765549,1.85
-29.249704,-50.662065,2.146
-24.749378,-50.662476,1.661
-20.250225,-50.662097,1.772
-15.749899,-50.662508,1.605
-26.999928,-54.559435,1.586
-22.499602,-54.559846,1.752
-17.999467,-54.559275,1.55
-29.249496,-58.456202,1.658
-24.750152,-58.456804,1.528
-20.250017,-58.456233,1.5
-31.499855,-62.354142,1.514
-26.99972,-62.353571,1.434
-22.499394,-62.353982,1.567
-18.000241,-62.353603,1.291
-33.749423,-66.250909,1.438
-29.25027,-66.25053,1.434
-24.749944,-66.250941,1.301
-20.24981,-66.25037,1.39
-15.749484,-66.250781,1.162
-31.499647,-70.148279,1.359
-26.999513,-70.147708,1.353
-22.500168,-70.14831,1.259
-18.000034,-70.147739,1.235
-29.250062,-74.044666,1.38
-24.749737,-74.045077,1.145
-20.249602,-74.044506,1.214
-42.74994,-27.280195,0.433
-38.249805,-27.279624,0.808
-33.749479,-27.280035,0.888
-44.999508,-31.176962,0.715
-40.499374,-31.176392,0.98
-36.000029,-31.176994,0.939
-31.499895,-31.176423,1.197
-47.250058,-35.073921,0.953
-42.749732,-35.074332,0
-38.249598,-35.073761,0.964
-33.749272,-35.074172,1.037
-29.250119,-35.073792,1.318
-44.9993,-38.971099,1.46
-40.500148,-38.970719,1.171
-35.999822,-38.97113,1.153
-31.499687,-38.97056,1.718
-42.749524,-42.868468,0.942
-38.24939,-42.867897,1.312
-33.750046,-42.8685,1.273
-17.998224,38.972111,-0.365
-13.49888,38.971508,-0.422
-8.998745,38.972079,-0.413
-20.248582,35.074171,-0.276
-15.748448,35.074741,-0.175
-11.248122,35.074331,-0.057
-6.748969,35.07471,-0.19
-22.498151,31.177403,-0.203
-17.998998,31.177783,-0.17
-13.498672,31.177372,-0.234
-8.998538,31.177943,-0.145
-4.498212,31.177532,-0.034
-20.248375,27.280034,-0.236
-15.74824,27.280605,-0.114
-11.248896,27.280003,-0.164
-6.748762,27.280573,0.155
-17.99879,23.383646,-0.191
-13.498464,23.383235,0.162
-8.99833,23.383806,0.19
-58.499728,-15.588247,0.448
-53.999402,-15.588658,0.573
-49.499268,-15.588087,0.524
-60.749296,-19.485014,0.601
-56.249952,-19.485616,0.566
-51.749817,-19.485046,0.701
-47.249492,-19.485456,0.63
-62.999655,-23.382954,0.581
-58.49952,-23.382383,0.652
-53.999194,-23.382794,1.217
-49.500041,-23.382415,0.785
-44.999716,-23.382826,0.777
-60.75007,-27.279342,0.689
-56.249744,-27.279753,0.744
-51.74961,-27.279182,0.932
-47.249284,-27.279593,0.741
-58.499313,-31.17652,0.968
-53.999968,-31.177122,0.943
-49.499834,-31.176551,0.837
0,0,0
0,0,0
0,0,0
0,0,0
0,0,0
-53.998779,-38.971067,1.214
-49.498453,-38.971478,1.087
-65.248616,-42.868976,1.084
-60.748482,-42.868405,1.021
-56.249138,-42.869007,1.219
-51.749003,-42.868437,1.174
-47.248677,-42.868847,1.239
-62.999032,-46.765364,1.097
-58.498706,-46.765774,1.108
-53.998572,-46.765204,1.277
-49.499227,-46.765806,1.184
-60.749256,-50.662733,1.403
-56.24893,-50.663144,1.264
-51.748796,-50.662573,1.288
45.000737,-7.794701,1.819
49.49989,-7.794321,1.745
54.000216,-7.794732,1.357
42.750188,-11.691659,1.689
47.250322,-11.691089,1.773
51.750648,-11.691499,1.645
56.249801,-11.69112,1.204
40.500619,-15.588426,0
44.999963,-15.589029,2.022
49.500098,-15.588458,1.543
54.000424,-15.588869,1.056
58.500558,-15.588298,0.936
42.750395,-19.485796,1.321
47.25053,-19.485225,1.563
51.749874,-19.485827,1.278
56.250008,-19.485257,0.761
45.000171,-23.383165,1.181
49.500305,-23.382595,0.988
54.000631,-23.383005,0.752
31.500102,23.382288,0.875
36.000237,23.382858,0.992
40.500563,23.382448,1.157
29.250534,19.485521,1.268
33.75086,19.48511,1.255
38.250013,19.485489,1.172
42.750339,19.485078,1.416
26.999984,15.588562,1.249
31.50031,15.588151,1.4
36.000444,15.588722,1.345
40.50077,15.588311,1.544
44.999923,15.58869,1.649
29.250741,11.691384,1.352
33.750086,11.690782,1.558
38.25022,11.691353,1.851
42.750546,11.690942,1.71
31.500518,7.794015,1.607
36.000652,7.794585,1.873
40.499996,7.793983,2.508
29.249968,3.897056,2.345
33.750294,3.896645,2.63
38.250428,3.897216,2.428
27.000399,0.000289,2.751
31.500725,-0.000122,2.52
35.999878,0.000257,2.344
40.500204,-0.000153,1.961
24.750041,-3.897651,2.483
29.250175,-3.897081,2.324
33.750501,-3.897491,2.164
38.250636,-3.896921,2.135
42.74998,-3.897523,2.171
27.000607,-7.793848,2.272
31.499951,-7.79445,1.99
36.000086,-7.793879,2
40.500412,-7.79429,1.932
29.250383,-11.691217,1.81
33.750709,-11.691628,1.731
38.249862,-11.691249,1.758
-27.746682,-198.454281,4.773
-23.246356,-198.454692,4.083
-18.747203,-198.454313,3.015
-29.997232,-202.35124,3.698
-25.496906,-202.351651,3.712
-20.996772,-202.35108,3.307
-16.496446,-202.351491,2.914
-32.246609,-206.248989,2.835
-27.746474,-206.248418,3.122
-23.24713,-206.24902,3.304
-18.746996,-206.248449,3.081
-14.24667,-206.24886,2.243
-29.997024,-210.145376,2.527
-25.496698,-210.145787,2.535
-20.996373,-210.146198,2.722
-16.49722,-210.145819,2.062
-27.747248,-214.042746,2.096
-23.246922,-214.043157,2.114
-18.746788,-214.042586,1.968
-43.49726,-186.763506,3.55
-38.996934,-186.763917,2.883
-34.497781,-186.763538,2.591
-45.74781,-190.660465,3.84
-41.247484,-190.660875,4.297
-36.74735,-190.660305,4.541
-32.247024,-190.660716,3.98
-47.997187,-194.558213,3.804
-43.497053,-194.557643,4.031
-38.997708,-194.558245,4.348
-34.497574,-194.557674,5.366
-29.997248,-194.558085,4.741
-45.747602,-198.454601,3.467
-41.247277,-198.455012,4.053
-36.746951,-198.455423,4.489
-32.247798,-198.455043,4.411
-43.497826,-202.351971,3.604
-38.997501,-202.352381,3.159
-34.497366,-202.351811,3.542
-59.247838,-175.072731,2.083
-54.747513,-175.073142,2.07
-50.24836,-175.072762,2.054
-61.498388,-178.969689,2.35
-56.998062,-178.9701,2.257
-52.497928,-178.969529,2.076
-47.997602,-178.96994,2.013
-63.747765,-182.867438,2.686
-59.247631,-182.866867,2.606
-54.748286,-182.86747,2.567
-50.248152,-182.866899,2.495
-45.747826,-182.86731,2.354
-61.498181,-186.763826,3.457
-56.997855,-186.764237,3.784
-52.497529,-186.764647,3.297
-47.998376,-186.764268,3.218
-59.248405,-190.661195,3.455
-54.748079,-190.661606,3.92
-50.247944,-190.661035,3.516
-61.496992,-194.557771,3.751
-56.996666,-194.558182,3.478
-52.497513,-194.557803,3.599
-63.747542,-198.45473,3.566
-59.247216,-198.45514,3.436
-54.747081,-198.45457,3.464
-50.246755,-198.45498,3.649
-65.996918,-202.352478,3.833
-61.496784,-202.351907,3.362
-56.99744,-202.35251,3.301
-52.497305,-202.351939,3.345
-47.996979,-202.35235,3.168
-63.747334,-206.248866,3.796
-59.247008,-206.249277,3.182
-54.746682,-206.249688,3.011
-50.247529,-206.249308,2.833
-61.497558,-210.146235,3.582
-56.997232,-210.146646,3.419
-52.497098,-210.146076,3.15
-63.746145,-214.042811,3.629
-59.245819,-214.043222,3.418
-54.746666,-214.042843,3.275
-65.996695,-217.93977,3.762
-61.496369,-217.940181,3.501
-56.996234,-217.93961,3.298
-52.495909,-217.940021,2.704
-68.246072,-221.837518,3.93
-63.745937,-221.836948,3.613
-59.246593,-221.83755,3.472
-54.746458,-221.836979,2.9
-50.246133,-221.83739,2.944
-65.996487,-225.733906,3.988
-61.496161,-225.734317,3.42
-56.995835,-225.734728,3.24
-52.496682,-225.734349,3.373
-63.746711,-229.631276,3.928
-59.246385,-229.631686,5.081
-54.746251,-229.631116,4.588
-77.24757,-182.866996,2.924
-72.747244,-182.867407,2.76
-68.248091,-182.867027,2.578
-79.49812,-186.763954,4.146
-74.997794,-186.764365,3.329
-70.497659,-186.763794,3.212
-65.997334,-186.764205,3.737
-81.747497,-190.661703,3.852
-77.247362,-190.661132,4.032
-72.748018,-190.661734,3.973
-68.247884,-190.661164,3.892
-63.747558,-190.661575,3.534
-79.497912,-194.558091,3.795
-74.997586,-194.558502,3.553
-70.49726,-194.558912,3.568
-65.998108,-194.558533,3.464
-77.248136,-198.45546,3.531
-72.74781,-198.455871,3.461
-68.247676,-198.4553,3.56
-79.496723,-202.352036,4.018
-74.996397,-202.352447,3.964
-70.497244,-202.352067,3.902
-81.747273,-206.248994,3.999
-77.246947,-206.249405,4.223
-72.746813,-206.248835,4.199
-68.246487,-206.249245,4.084
-83.99665,-210.146743,4.292
-79.496515,-210.146172,4.22
-74.997171,-210.146775,4.207
-70.497037,-210.146204,4.1
-65.996711,-210.146615,3.735
-81.747065,-214.043131,4.212
-77.246739,-214.043542,4.219
-72.746414,-214.043953,4.151
-68.247261,-214.043573,4.083
-79.497289,-217.9405,4.286
-74.996964,-217.940911,4.241
-70.496829,-217.94034,3.861
-92.998148,-171.17622,2.691
-88.497822,-171.176631,3.164
-83.998669,-171.176252,2.77
-95.248698,-175.073179,2.705
-90.748372,-175.07359,2.912
-86.248238,-175.073019,3.349
-81.747912,-175.07343,2.681
-97.498075,-178.970928,2.8
-92.997941,-178.970357,2.904
-88.498596,-178.970959,3.047
-83.998462,-178.970389,3.586
-79.498136,-178.970799,2.768
-95.24849,-182.867316,2.918
-90.748165,-182.867726,3.127
-86.247839,-182.868137,3.336
-81.748686,-182.867758,3.597
-92.998714,-186.764685,3.027
-88.498389,-186.765096,3.152
-83.998254,-186.764525,3.621
-95.247301,-190.661261,3.148
-90.746975,-190.661671,3.237
-86.247823,-190.661292,3.472
-97.497851,-194.558219,3.179
-92.997525,-194.55863,3.333
-88.497391,-194.558059,3.581
-83.997065,-194.55847,3.643
-99.747228,-198.455968,3.354
-95.247094,-198.455397,3.426
-90.747749,-198.455999,3.477
-86.247615,-198.455429,3.671
-81.747289,-198.455839,3.538
-97.497644,-202.352356,4.096
-92.997318,-202.352767,4.114
-88.496992,-202.353177,4.05
-83.997839,-202.352798,4.017
-95.247868,-206.249725,4.402
-90.747542,-206.250136,4.396
-86.247407,-206.249565,4.34
-144.399376,-131.726814,7.648
-139.89905,-131.727225,7.397
-135.399897,-131.726846,7.426
-146.649926,-135.623773,7.551
-142.1496,-135.624184,7.054
-137.649465,-135.623613,6.968
-133.14914,-135.624024,6.925
-148.899303,-139.521522,7.329
-144.399168,-139.520951,6.946
-139.899824,-139.521553,6.74
-135.39969,-139.520982,6.352
-130.899364,-139.521393,6.34
-146.649718,-143.417909,7.009
-142.149392,-143.41832,6.838
-137.649066,-143.418731,6.187
-133.149914,-143.418352,5.734
-144.399942,-147.315279,6.745
-139.899616,-147.31569,6.213
-135.399482,-147.315119,5.474
-160.148781,-120.036829,7.015
-155.648455,-120.03724,7.204
-151.149302,-120.036861,7.693
-162.399331,-123.933788,7.115
-157.899005,-123.934199,7.01
-153.398871,-123.933628,7.138
-148.898545,-123.934039,7.606
-164.648708,-127.831536,6.625
-160.148574,-127.830966,6.69
-155.649229,-127.831568,7.079
-151.149095,-127.830997,7.353
-146.648769,-127.831408,7.561
-162.399123,-131.727924,7.305
-157.898798,-131.728335,7.075
-153.398472,-131.728746,7.222
-148.899319,-131.728367,7.326
-160.149347,-135.625294,7.176
-155.649022,-135.625704,7.061
-151.148887,-135.625134,7.476
-162.397934,-139.521869,7.224
-157.897608,-139.52228,7.181
-153.398456,-139.521901,7.49
-164.648484,-143.418828,6.915
-160.148158,-143.419239,6.798
-155.648024,-143.418668,7.165
-151.147698,-143.419079,7.208
-166.897861,-147.316577,6.549
-162.397727,-147.316006,6.743
-157.898382,-147.316608,6.874
-153.398248,-147.316037,6.996
-148.897922,-147.316448,6.792
-164.648277,-151.212964,6.476
-160.147951,-151.213375,6.607
-155.647625,-151.213786,6.768
-151.148472,-151.213407,6.625
-162.398501,-155.110334,6.24
-157.898175,-155.110745,6.683
-153.39804,-155.110174,6.213
-178.14734,-127.831884,7.42
-173.647014,-127.832295,7.544
-169.147861,-127.831916,7.125
-180.39789,-131.728843,7.559
-175.897564,-131.729254,7.587
-171.397429,-131.728683,6.94
-166.897103,-131.729094,7.097
-182.647266,-135.626591,7.539
-178.147132,-135.626021,7.302
-173.647788,-135.626623,7.32
-169.147653,-135.626052,6.77
-164.647327,-135.626463,6.985
-180.397682,-139.522979,7.047
-175.897356,-139.52339,6.889
-171.39703,-139.523801,6.717
-166.897877,-139.523422,7.065
-178.147906,-143.420349,6.455
-173.64758,-143.420759,6.709
-169.147446,-143.420189,6.9
-196.145898,-135.626939,6.157
-191.645572,-135.62735,5.899
-187.146419,-135.626971,6.134
-198.396448,-139.523898,5.673
-193.896122,-139.524308,5.743
-189.395988,-139.523738,5.914
-184.895662,-139.524149,5.818
-200.645825,-143.421646,5.45
-196.145691,-143.421076,5.546
-191.646346,-143.421678,5.648
-187.146212,-143.421107,5.885
-182.645886,-143.421518,5.753
-198.39624,-147.318034,5.498
-193.895915,-147.318445,5.642
-189.395589,-147.318856,5.683
-184.896436,-147.318477,5.826
-196.146464,-151.215404,5.616
-191.646139,-151.215814,5.586
-187.146004,-151.215244,5.67
-193.896745,-116.141899,6.516
-189.396419,-116.14231,6.857
-184.897266,-116.14193,7.006
-196.147295,-120.038858,6.639
-191.646969,-120.039268,7.038
-187.146835,-120.038698,7.437
-182.646509,-120.039108,7.356
-198.396672,-123.936606,7.221
-193.896537,-123.936035,7.178
-189.397193,-123.936638,7.792
-184.897059,-123.936067,7.381
-180.396733,-123.936478,7.899
-196.147087,-127.832994,7.461
-191.646761,-127.833405,7.569
-187.146435,-127.833816,7.927
-182.647283,-127.833436,7.716
-193.897311,-131.730363,7.703
-189.396985,-131.730774,7.599
-184.896851,-131.730203,7.636